Image,Weed Pixels,Total Pixels,Weed %,Healthy %
DJI_DateTime_2024_06_02_13_42_0035_lat_10.3040603_lon_105.2619317_alt_20.018m.png,169917,1228800,13.83,86.17
DJI_DateTime_2024_06_02_13_42_0036_lat_10.3040274_lon_105.2619303_alt_19.998m.png,176699,1228800,14.38,85.62
DJI_DateTime_2024_06_02_13_43_0037_lat_10.3039956_lon_105.2619281_alt_20.000m.png,181854,1228800,14.8,85.2
DJI_DateTime_2024_06_02_13_43_0038_lat_10.3039632_lon_105.2619268_alt_20.009m.png,202618,1228800,16.49,83.51
DJI_DateTime_2024_06_02_13_43_0039_lat_10.3039307_lon_105.2619253_alt_20.017m.png,193753,1228800,15.77,84.23
DJI_DateTime_2024_06_02_13_43_0040_lat_10.3038985_lon_105.2619236_alt_20.019m.png,186730,1228800,15.2,84.8
DJI_DateTime_2024_06_02_13_43_0041_lat_10.3038666_lon_105.2619219_alt_20.001m.png,200343,1228800,16.3,83.7
DJI_DateTime_2024_06_02_13_43_0042_lat_10.3038342_lon_105.2619203_alt_20.049m.png,215319,1228800,17.52,82.48
DJI_DateTime_2024_06_02_13_43_0043_lat_10.3038020_lon_105.2619186_alt_20.044m.png,198662,1228800,16.17,83.83
DJI_DateTime_2024_06_02_13_43_0044_lat_10.3037699_lon_105.2619171_alt_20.023m.png,283935,1228800,23.11,76.89
DJI_DateTime_2024_06_02_13_43_0045_lat_10.3037478_lon_105.2619385_alt_19.960m.png,223113,1228800,18.16,81.84
DJI_DateTime_2024_06_02_13_43_0046_lat_10.3037496_lon_105.2619705_alt_19.973m.png,104708,1228800,8.52,91.48
DJI_DateTime_2024_06_02_13_43_0047_lat_10.3037770_lon_105.2619830_alt_20.009m.png,103995,1228800,8.46,91.54
DJI_DateTime_2024_06_02_13_43_0048_lat_10.3038091_lon_105.2619845_alt_20.005m.png,93001,1228800,7.57,92.43
DJI_DateTime_2024_06_02_13_46_0100_lat_10.3048624_lon_105.2621073_alt_20.006m.png,46412,1228800,3.78,96.22
DJI_DateTime_2024_06_02_13_46_0101_lat_10.3048303_lon_105.2621055_alt_20.021m.png,45442,1228800,3.7,96.3
DJI_DateTime_2024_06_02_13_46_0102_lat_10.3047980_lon_105.2621037_alt_19.992m.png,69304,1228800,5.64,94.36
DJI_DateTime_2024_06_02_13_46_0103_lat_10.3047657_lon_105.2621019_alt_19.981m.png,94256,1228800,7.67,92.33
DJI_DateTime_2024_06_02_13_46_0104_lat_10.3047332_lon_105.2621004_alt_20.000m.png,83063,1228800,6.76,93.24
DJI_DateTime_2024_06_02_13_46_0105_lat_10.3047014_lon_105.2620993_alt_19.998m.png,107008,1228800,8.71,91.29
DJI_DateTime_2024_06_02_13_46_0106_lat_10.3046688_lon_105.2620979_alt_19.993m.png,83542,1228800,6.8,93.2
DJI_DateTime_2024_06_02_13_46_0107_lat_10.3046364_lon_105.2620963_alt_19.999m.png,76435,1228800,6.22,93.78
DJI_DateTime_2024_06_02_13_46_0108_lat_10.3046041_lon_105.2620949_alt_20.005m.png,56301,1228800,4.58,95.42
DJI_DateTime_2024_06_02_13_47_0109_lat_10.3045719_lon_105.2620937_alt_20.010m.png,125372,1228800,10.2,89.8
DJI_DateTime_2024_06_02_13_47_0110_lat_10.3045391_lon_105.2620921_alt_20.004m.png,120876,1228800,9.84,90.16
DJI_DateTime_2024_06_02_13_47_0111_lat_10.3045066_lon_105.2620905_alt_20.003m.png,122341,1228800,9.96,90.04
DJI_DateTime_2024_06_02_13_47_0112_lat_10.3044744_lon_105.2620886_alt_19.999m.png,129567,1228800,10.54,89.46
DJI_DateTime_2024_06_02_13_47_0113_lat_10.3044424_lon_105.2620869_alt_19.998m.png,162393,1228800,13.22,86.78
DJI_DateTime_2024_06_02_13_47_0114_lat_10.3044102_lon_105.2620848_alt_19.988m.png,149183,1228800,12.14,87.86
DJI_DateTime_2024_06_02_13_47_0115_lat_10.3043780_lon_105.2620831_alt_19.986m.png,115401,1228800,9.39,90.61
DJI_DateTime_2024_06_02_13_47_0116_lat_10.3043458_lon_105.2620814_alt_19.989m.png,94871,1228800,7.72,92.28
DJI_DateTime_2024_06_02_13_47_0117_lat_10.3043136_lon_105.2620795_alt_19.974m.png,152082,1228800,12.38,87.62
DJI_DateTime_2024_06_02_13_47_0118_lat_10.3042815_lon_105.2620777_alt_19.990m.png,116724,1228800,9.5,90.5
DJI_DateTime_2024_06_02_13_47_0119_lat_10.3042490_lon_105.2620755_alt_19.991m.png,156676,1228800,12.75,87.25
DJI_DateTime_2024_06_02_13_47_0120_lat_10.3042167_lon_105.2620736_alt_20.003m.png,211580,1228800,17.22,82.78
DJI_DateTime_2024_06_02_13_47_0121_lat_10.3041845_lon_105.2620714_alt_20.009m.png,223671,1228800,18.2,81.8
DJI_DateTime_2024_06_02_13_47_0122_lat_10.3041526_lon_105.2620692_alt_19.993m.png,204217,1228800,16.62,83.38
DJI_DateTime_2024_06_02_13_47_0123_lat_10.3041200_lon_105.2620675_alt_20.007m.png,153182,1228800,12.47,87.53
DJI_DateTime_2024_06_02_13_47_0124_lat_10.3040883_lon_105.2620654_alt_20.004m.png,152972,1228800,12.45,87.55
DJI_DateTime_2024_06_02_13_47_0125_lat_10.3040556_lon_105.2620637_alt_20.014m.png,125892,1228800,10.25,89.75
DJI_DateTime_2024_06_02_13_47_0126_lat_10.3040239_lon_105.2620619_alt_19.982m.png,121668,1228800,9.9,90.1
DJI_DateTime_2024_06_02_13_48_0127_lat_10.3039913_lon_105.2620601_alt_19.991m.png,114174,1228800,9.29,90.71
DJI_DateTime_2024_06_02_13_48_0128_lat_10.3039585_lon_105.2620585_alt_20.004m.png,132105,1228800,10.75,89.25
DJI_DateTime_2024_06_02_13_48_0129_lat_10.3039269_lon_105.2620571_alt_20.008m.png,58008,1228800,4.72,95.28
DJI_DateTime_2024_06_02_13_48_0130_lat_10.3038948_lon_105.2620554_alt_20.007m.png,75388,1228800,6.14,93.86
DJI_DateTime_2024_06_02_13_49_0150_lat_10.3041815_lon_105.2621348_alt_20.011m.png,153539,1228800,12.5,87.5
DJI_DateTime_2024_06_02_13_49_0151_lat_10.3042133_lon_105.2621361_alt_19.995m.png,121298,1228800,9.87,90.13
DJI_DateTime_2024_06_02_13_49_0152_lat_10.3042461_lon_105.2621382_alt_20.019m.png,153895,1228800,12.52,87.48
DJI_DateTime_2024_06_02_13_49_0153_lat_10.3042771_lon_105.2621396_alt_19.971m.png,174544,1228800,14.2,85.8
DJI_DateTime_2024_06_02_13_49_0154_lat_10.3043089_lon_105.2621413_alt_20.006m.png,200426,1228800,16.31,83.69
DJI_DateTime_2024_06_02_13_49_0155_lat_10.3043406_lon_105.2621434_alt_19.988m.png,177844,1228800,14.47,85.53
DJI_DateTime_2024_06_02_13_49_0156_lat_10.3043721_lon_105.2621452_alt_20.021m.png,180548,1228800,14.69,85.31
DJI_DateTime_2024_06_02_13_49_0157_lat_10.3044041_lon_105.2621472_alt_20.007m.png,177659,1228800,14.46,85.54
DJI_DateTime_2024_06_02_13_49_0158_lat_10.3044372_lon_105.2621487_alt_20.002m.png,219883,1228800,17.89,82.11
DJI_DateTime_2024_06_02_13_49_0159_lat_10.3044691_lon_105.2621513_alt_20.018m.png,227561,1228800,18.52,81.48
DJI_DateTime_2024_06_02_13_49_0160_lat_10.3045015_lon_105.2621532_alt_20.033m.png,281972,1228800,22.95,77.05
DJI_DateTime_2024_06_02_13_49_0161_lat_10.3045338_lon_105.2621547_alt_20.030m.png,275989,1228800,22.46,77.54
DJI_DateTime_2024_06_02_13_49_0162_lat_10.3045662_lon_105.2621564_alt_19.985m.png,263967,1228800,21.48,78.52
DJI_DateTime_2024_06_02_13_50_0163_lat_10.3045975_lon_105.2621583_alt_19.972m.png,201861,1228800,16.43,83.57
DJI_DateTime_2024_06_02_13_50_0164_lat_10.3046304_lon_105.2621598_alt_19.938m.png,181581,1228800,14.78,85.22
DJI_DateTime_2024_06_02_13_50_0165_lat_10.3046622_lon_105.2621614_alt_19.952m.png,168377,1228800,13.7,86.3
DJI_DateTime_2024_06_02_13_50_0166_lat_10.3046943_lon_105.2621629_alt_20.007m.png,196815,1228800,16.02,83.98
DJI_DateTime_2024_06_02_13_50_0167_lat_10.3047262_lon_105.2621640_alt_19.995m.png,213508,1228800,17.38,82.62
DJI_DateTime_2024_06_02_13_50_0168_lat_10.3047583_lon_105.2621660_alt_19.994m.png,189019,1228800,15.38,84.62
DJI_DateTime_2024_06_02_13_50_0169_lat_10.3047908_lon_105.2621676_alt_19.978m.png,215849,1228800,17.57,82.43
DJI_DateTime_2024_06_02_13_50_0170_lat_10.3048234_lon_105.2621692_alt_19.985m.png,150837,1228800,12.28,87.72
DJI_DateTime_2024_06_02_13_51_0190_lat_10.3048642_lon_105.2622379_alt_20.020m.png,99459,1228800,8.09,91.91
DJI_DateTime_2024_06_02_13_51_0191_lat_10.3048318_lon_105.2622363_alt_19.999m.png,149983,1228800,12.21,87.79
DJI_DateTime_2024_06_02_13_51_0192_lat_10.3047998_lon_105.2622341_alt_19.990m.png,154457,1228800,12.57,87.43
DJI_DateTime_2024_06_02_13_51_0193_lat_10.3047677_lon_105.2622328_alt_19.982m.png,176797,1228800,14.39,85.61
DJI_DateTime_2024_06_02_13_51_0194_lat_10.3047356_lon_105.2622318_alt_20.006m.png,175881,1228800,14.31,85.69
DJI_DateTime_2024_06_02_13_51_0195_lat_10.3047028_lon_105.2622295_alt_19.989m.png,178592,1228800,14.53,85.47
DJI_DateTime_2024_06_02_13_51_0196_lat_10.3046706_lon_105.2622284_alt_19.996m.png,161487,1228800,13.14,86.86
DJI_DateTime_2024_06_02_13_51_0197_lat_10.3046388_lon_105.2622271_alt_20.000m.png,175667,1228800,14.3,85.7
DJI_DateTime_2024_06_02_13_51_0198_lat_10.3046066_lon_105.2622250_alt_19.993m.png,182915,1228800,14.89,85.11
DJI_DateTime_2024_06_02_13_52_0199_lat_10.3045752_lon_105.2622237_alt_20.050m.png,213890,1228800,17.41,82.59
DJI_DateTime_2024_06_02_13_52_0200_lat_10.3045433_lon_105.2622216_alt_20.046m.png,200410,1228800,16.31,83.69
DJI_DateTime_2024_06_02_13_52_0201_lat_10.3045109_lon_105.2622196_alt_19.978m.png,190689,1228800,15.52,84.48
DJI_DateTime_2024_06_02_13_52_0202_lat_10.3044783_lon_105.2622179_alt_20.005m.png,186621,1228800,15.19,84.81
DJI_DateTime_2024_06_02_13_52_0203_lat_10.3044455_lon_105.2622164_alt_20.003m.png,204790,1228800,16.67,83.33
DJI_DateTime_2024_06_02_13_52_0204_lat_10.3044132_lon_105.2622142_alt_19.992m.png,157255,1228800,12.8,87.2
DJI_DateTime_2024_06_02_13_52_0205_lat_10.3043811_lon_105.2622126_alt_20.026m.png,145030,1228800,11.8,88.2
DJI_DateTime_2024_06_02_13_52_0206_lat_10.3043485_lon_105.2622109_alt_20.065m.png,139765,1228800,11.37,88.63
DJI_DateTime_2024_06_02_13_52_0207_lat_10.3043159_lon_105.2622091_alt_19.994m.png,155164,1228800,12.63,87.37
DJI_DateTime_2024_06_02_13_52_0208_lat_10.3042841_lon_105.2622078_alt_20.013m.png,133583,1228800,10.87,89.13
DJI_DateTime_2024_06_02_13_52_0209_lat_10.3042519_lon_105.2622054_alt_19.940m.png,121932,1228800,9.92,90.08
DJI_DateTime_2024_06_02_13_52_0210_lat_10.3042190_lon_105.2622038_alt_20.016m.png,108190,1228800,8.8,91.2
DJI_DateTime_2024_06_02_13_54_0250_lat_10.3044834_lon_105.2622839_alt_20.010m.png,123131,1228800,10.02,89.98
DJI_DateTime_2024_06_02_13_54_0251_lat_10.3045153_lon_105.2622856_alt_20.003m.png,159946,1228800,13.02,86.98
DJI_DateTime_2024_06_02_13_54_0252_lat_10.3045473_lon_105.2622874_alt_19.981m.png,225498,1228800,18.35,81.65
DJI_DateTime_2024_06_02_13_55_0253_lat_10.3045797_lon_105.2622889_alt_20.006m.png,262623,1228800,21.37,78.63
DJI_DateTime_2024_06_02_13_55_0254_lat_10.3046119_lon_105.2622903_alt_19.995m.png,239562,1228800,19.5,80.5
DJI_DateTime_2024_06_02_13_55_0255_lat_10.3046437_lon_105.2622919_alt_20.020m.png,230485,1228800,18.76,81.24
DJI_DateTime_2024_06_02_13_55_0256_lat_10.3046760_lon_105.2622938_alt_19.998m.png,215663,1228800,17.55,82.45
DJI_DateTime_2024_06_02_13_55_0257_lat_10.3047087_lon_105.2622955_alt_19.997m.png,169068,1228800,13.76,86.24
DJI_DateTime_2024_06_02_13_55_0258_lat_10.3047404_lon_105.2622978_alt_19.995m.png,177982,1228800,14.48,85.52
DJI_DateTime_2024_06_02_13_55_0259_lat_10.3047725_lon_105.2622995_alt_19.990m.png,133989,1228800,10.9,89.1
DJI_DateTime_2024_06_02_13_55_0260_lat_10.3048044_lon_105.2623014_alt_19.979m.png,113240,1228800,9.22,90.78
DJI_DateTime_2024_06_02_13_55_0261_lat_10.3048364_lon_105.2623031_alt_19.982m.png,116416,1228800,9.47,90.53
DJI_DateTime_2024_06_02_13_55_0262_lat_10.3048688_lon_105.2623055_alt_19.981m.png,93289,1228800,7.59,92.41
DJI_DateTime_2024_06_02_13_55_0263_lat_10.3049007_lon_105.2623075_alt_20.015m.png,97848,1228800,7.96,92.04
DJI_DateTime_2024_06_02_13_55_0264_lat_10.3049331_lon_105.2623090_alt_19.961m.png,97328,1228800,7.92,92.08
DJI_DateTime_2024_06_02_13_55_0265_lat_10.3049656_lon_105.2623104_alt_20.030m.png,144692,1228800,11.78,88.22
DJI_DateTime_2024_06_02_13_56_0283_lat_10.3047781_lon_105.2623644_alt_20.024m.png,143988,1228800,11.72,88.28
DJI_DateTime_2024_06_02_13_56_0284_lat_10.3047459_lon_105.2623622_alt_19.971m.png,169397,1228800,13.79,86.21
DJI_DateTime_2024_06_02_13_56_0285_lat_10.3047138_lon_105.2623609_alt_19.974m.png,260516,1228800,21.2,78.8
DJI_DateTime_2024_06_02_13_56_0286_lat_10.3046814_lon_105.2623598_alt_20.052m.png,295387,1228800,24.04,75.96
DJI_DateTime_2024_06_02_13_56_0287_lat_10.3046491_lon_105.2623577_alt_20.030m.png,291077,1228800,23.69,76.31
DJI_DateTime_2024_06_02_13_56_0288_lat_10.3046167_lon_105.2623557_alt_19.983m.png,313487,1228800,25.51,74.49
DJI_DateTime_2024_06_02_13_57_0289_lat_10.3045848_lon_105.2623544_alt_20.023m.png,341418,1228800,27.78,72.22
DJI_DateTime_2024_06_02_13_57_0290_lat_10.3045526_lon_105.2623526_alt_19.974m.png,272806,1228800,22.2,77.8
DJI_DateTime_2024_06_02_13_57_0291_lat_10.3045207_lon_105.2623510_alt_19.986m.png,196705,1228800,16.01,83.99
DJI_DateTime_2024_06_02_13_57_0292_lat_10.3044886_lon_105.2623489_alt_20.024m.png,142511,1228800,11.6,88.4
DJI_DateTime_2024_06_02_13_57_0293_lat_10.3044557_lon_105.2623476_alt_20.019m.png,155325,1228800,12.64,87.36
DJI_DateTime_2024_06_02_13_57_0294_lat_10.3044238_lon_105.2623459_alt_19.994m.png,115646,1228800,9.41,90.59
DJI_DateTime_2024_06_04_09_14_0013_lat_10.3013333_lon_105.2719561_alt_20.217m.png,200119,1228800,16.29,83.71
DJI_DateTime_2024_06_04_09_14_0014_lat_10.3013805_lon_105.2719234_alt_20.182m.png,175735,1228800,14.3,85.7
DJI_DateTime_2024_06_04_09_14_0015_lat_10.3014282_lon_105.2718923_alt_20.211m.png,185421,1228800,15.09,84.91
DJI_DateTime_2024_06_04_09_14_0016_lat_10.3014760_lon_105.2718599_alt_20.177m.png,161028,1228800,13.1,86.9
DJI_DateTime_2024_06_04_09_14_0017_lat_10.3015244_lon_105.2718290_alt_20.243m.png,262951,1228800,21.4,78.6
DJI_DateTime_2024_06_04_09_14_0018_lat_10.3015725_lon_105.2717978_alt_20.207m.png,228318,1228800,18.58,81.42
DJI_DateTime_2024_06_04_09_15_0019_lat_10.3016196_lon_105.2717662_alt_20.199m.png,255997,1228800,20.83,79.17
DJI_DateTime_2024_06_04_09_15_0020_lat_10.3016678_lon_105.2717347_alt_20.185m.png,249650,1228800,20.32,79.68
DJI_DateTime_2024_06_04_09_15_0021_lat_10.3017146_lon_105.2717043_alt_20.174m.png,240766,1228800,19.59,80.41
DJI_DateTime_2024_06_04_09_15_0022_lat_10.3017625_lon_105.2716735_alt_20.181m.png,193415,1228800,15.74,84.26
DJI_DateTime_2024_06_04_09_15_0024_lat_10.3018574_lon_105.2716103_alt_20.211m.png,152621,1228800,12.42,87.58
DJI_DateTime_2024_06_04_09_15_0025_lat_10.3019049_lon_105.2715784_alt_20.205m.png,117583,1228800,9.57,90.43
DJI_DateTime_2024_06_04_09_15_0026_lat_10.3019527_lon_105.2715472_alt_20.217m.png,128033,1228800,10.42,89.58
DJI_DateTime_2024_06_04_09_15_0027_lat_10.3020010_lon_105.2715153_alt_20.212m.png,97487,1228800,7.93,92.07
DJI_DateTime_2024_06_04_09_15_0035_lat_10.3020989_lon_105.2715552_alt_20.226m.png,17748,1228800,1.44,98.56
DJI_DateTime_2024_06_04_09_16_0036_lat_10.3020512_lon_105.2715861_alt_20.191m.png,55015,1228800,4.48,95.52
DJI_DateTime_2024_06_04_09_16_0037_lat_10.3020034_lon_105.2716173_alt_20.172m.png,87592,1228800,7.13,92.87
DJI_DateTime_2024_06_04_09_16_0038_lat_10.3019551_lon_105.2716485_alt_20.193m.png,137007,1228800,11.15,88.85
DJI_DateTime_2024_06_04_09_16_0039_lat_10.3019069_lon_105.2716799_alt_20.215m.png,241326,1228800,19.64,80.36
DJI_DateTime_2024_06_04_09_16_0040_lat_10.3018593_lon_105.2717119_alt_20.326m.png,426420,1228800,34.7,65.3
DJI_DateTime_2024_06_04_09_16_0041_lat_10.3018122_lon_105.2717432_alt_20.312m.png,512024,1228800,41.67,58.33
DJI_DateTime_2024_06_04_09_16_0042_lat_10.3017648_lon_105.2717751_alt_20.307m.png,605787,1228800,49.3,50.7
DJI_DateTime_2024_06_04_09_16_0043_lat_10.3017170_lon_105.2718063_alt_20.193m.png,484469,1228800,39.43,60.57
DJI_DateTime_2024_06_04_09_16_0044_lat_10.3016696_lon_105.2718376_alt_20.206m.png,514316,1228800,41.86,58.14
DJI_DateTime_2024_06_04_09_16_0045_lat_10.3016208_lon_105.2718690_alt_20.224m.png,552422,1228800,44.96,55.04
DJI_DateTime_2024_06_04_09_16_0046_lat_10.3015734_lon_105.2719004_alt_20.210m.png,546830,1228800,44.5,55.5
DJI_DateTime_2024_06_04_09_16_0047_lat_10.3015259_lon_105.2719314_alt_20.177m.png,547545,1228800,44.56,55.44
DJI_DateTime_2024_06_04_09_16_0048_lat_10.3014783_lon_105.2719639_alt_20.239m.png,506104,1228800,41.19,58.81
DJI_DateTime_2024_06_04_09_16_0049_lat_10.3014306_lon_105.2719956_alt_20.219m.png,501918,1228800,40.85,59.15
DJI_DateTime_2024_06_04_09_16_0050_lat_10.3013831_lon_105.2720264_alt_20.212m.png,514448,1228800,41.87,58.13
DJI_DateTime_2024_06_04_09_16_0051_lat_10.3013355_lon_105.2720578_alt_20.212m.png,432271,1228800,35.18,64.82
DJI_DateTime_2024_06_04_09_16_0052_lat_10.3012875_lon_105.2720893_alt_20.257m.png,335930,1228800,27.34,72.66
DJI_DateTime_2024_06_04_09_17_0053_lat_10.3012401_lon_105.2721211_alt_20.198m.png,220179,1228800,17.92,82.08
DJI_DateTime_2024_06_04_09_17_0054_lat_10.3011925_lon_105.2721531_alt_20.239m.png,167100,1228800,13.6,86.4
DJI_DateTime_2024_06_04_09_17_0055_lat_10.3011447_lon_105.2721838_alt_20.146m.png,98629,1228800,8.03,91.97
DJI_DateTime_2024_06_04_09_17_0056_lat_10.3010966_lon_105.2722156_alt_20.203m.png,115748,1228800,9.42,90.58
DJI_DateTime_2024_06_04_09_17_0057_lat_10.3010487_lon_105.2722472_alt_20.224m.png,46908,1228800,3.82,96.18
DJI_DateTime_2024_06_04_09_17_0058_lat_10.3010012_lon_105.2722782_alt_20.197m.png,23364,1228800,1.9,98.1
DJI_DateTime_2024_06_04_09_17_0061_lat_10.3008618_lon_105.2723763_alt_20.210m.png,14520,1228800,1.18,98.82
DJI_DateTime_2024_06_04_09_17_0067_lat_10.3011335_lon_105.2722954_alt_20.220m.png,72048,1228800,5.86,94.14
DJI_DateTime_2024_06_04_09_17_0068_lat_10.3011816_lon_105.2722632_alt_20.232m.png,149805,1228800,12.19,87.81
DJI_DateTime_2024_06_04_09_17_0069_lat_10.3012291_lon_105.2722318_alt_20.217m.png,128008,1228800,10.42,89.58
DJI_DateTime_2024_06_04_09_17_0070_lat_10.3012765_lon_105.2722004_alt_20.182m.png,186402,1228800,15.17,84.83
DJI_DateTime_2024_06_04_09_18_0071_lat_10.3013249_lon_105.2721684_alt_20.203m.png,264449,1228800,21.52,78.48
DJI_DateTime_2024_06_04_09_18_0072_lat_10.3013729_lon_105.2721368_alt_20.197m.png,299526,1228800,24.38,75.62
DJI_DateTime_2024_06_04_09_18_0073_lat_10.3014197_lon_105.2721057_alt_20.203m.png,417654,1228800,33.99,66.01
DJI_DateTime_2024_06_04_09_18_0074_lat_10.3014673_lon_105.2720743_alt_20.168m.png,541347,1228800,44.05,55.95
DJI_DateTime_2024_06_04_09_18_0075_lat_10.3015155_lon_105.2720421_alt_20.200m.png,524925,1228800,42.72,57.28
DJI_DateTime_2024_06_04_09_18_0076_lat_10.3015632_lon_105.2720113_alt_20.208m.png,651851,1228800,53.05,46.95
DJI_DateTime_2024_06_04_09_18_0077_lat_10.3016106_lon_105.2719794_alt_20.186m.png,647578,1228800,52.7,47.3
DJI_DateTime_2024_06_04_09_18_0078_lat_10.3016587_lon_105.2719481_alt_20.214m.png,643100,1228800,52.34,47.66
DJI_DateTime_2024_06_04_09_18_0079_lat_10.3017056_lon_105.2719171_alt_20.172m.png,570771,1228800,46.45,53.55
DJI_DateTime_2024_06_04_09_18_0080_lat_10.3017541_lon_105.2718854_alt_20.168m.png,571920,1228800,46.54,53.46
DJI_DateTime_2024_06_04_09_18_0081_lat_10.3018015_lon_105.2718541_alt_20.194m.png,584167,1228800,47.54,52.46
DJI_DateTime_2024_06_04_09_18_0082_lat_10.3018489_lon_105.2718225_alt_20.220m.png,509790,1228800,41.49,58.51
DJI_DateTime_2024_06_04_09_18_0083_lat_10.3018969_lon_105.2717908_alt_20.251m.png,335190,1228800,27.28,72.72
DJI_DateTime_2024_06_04_09_18_0084_lat_10.3019440_lon_105.2717589_alt_20.237m.png,194062,1228800,15.79,84.21
DJI_DateTime_2024_06_04_09_18_0085_lat_10.3019921_lon_105.2717280_alt_20.196m.png,91259,1228800,7.43,92.57
DJI_DateTime_2024_06_04_09_18_0086_lat_10.3020406_lon_105.2716959_alt_20.221m.png,33965,1228800,2.76,97.24
DJI_DateTime_2024_06_04_09_18_0087_lat_10.3020864_lon_105.2716646_alt_20.189m.png,14159,1228800,1.15,98.85
DJI_DateTime_2024_06_04_09_19_0101_lat_10.3019920_lon_105.2718346_alt_20.207m.png,15872,1228800,1.29,98.71
DJI_DateTime_2024_06_04_09_19_0102_lat_10.3019443_lon_105.2718668_alt_20.218m.png,147736,1228800,12.02,87.98
DJI_DateTime_2024_06_04_09_19_0103_lat_10.3018964_lon_105.2718985_alt_20.239m.png,305736,1228800,24.88,75.12
DJI_DateTime_2024_06_04_09_19_0104_lat_10.3018489_lon_105.2719297_alt_20.235m.png,550660,1228800,44.81,55.19
DJI_DateTime_2024_06_04_09_20_0105_lat_10.3018006_lon_105.2719609_alt_20.239m.png,659178,1228800,53.64,46.36
DJI_DateTime_2024_06_04_09_20_0106_lat_10.3017528_lon_105.2719928_alt_20.256m.png,549069,1228800,44.68,55.32
DJI_DateTime_2024_06_04_09_20_0107_lat_10.3017051_lon_105.2720244_alt_20.191m.png,540258,1228800,43.97,56.03
DJI_DateTime_2024_06_04_09_20_0108_lat_10.3016570_lon_105.2720565_alt_20.205m.png,544125,1228800,44.28,55.72
DJI_DateTime_2024_06_04_09_20_0109_lat_10.3016096_lon_105.2720870_alt_20.218m.png,440509,1228800,35.85,64.15
DJI_DateTime_2024_06_04_09_20_0110_lat_10.3015620_lon_105.2721183_alt_20.219m.png,334688,1228800,27.24,72.76
DJI_DateTime_2024_06_04_09_20_0111_lat_10.3015142_lon_105.2721497_alt_20.208m.png,369664,1228800,30.08,69.92
DJI_DateTime_2024_06_04_09_20_0112_lat_10.3014667_lon_105.2721811_alt_20.208m.png,271756,1228800,22.12,77.88
DJI_DateTime_2024_06_04_09_20_0113_lat_10.3014194_lon_105.2722128_alt_20.218m.png,181818,1228800,14.8,85.2
DJI_DateTime_2024_06_04_09_20_0114_lat_10.3013718_lon_105.2722446_alt_20.179m.png,150835,1228800,12.27,87.73
DJI_DateTime_2024_06_04_09_20_0115_lat_10.3013236_lon_105.2722764_alt_20.223m.png,140821,1228800,11.46,88.54
DJI_DateTime_2024_06_04_09_20_0116_lat_10.3012759_lon_105.2723077_alt_20.189m.png,122199,1228800,9.94,90.06
DJI_DateTime_2024_06_04_09_20_0117_lat_10.3012285_lon_105.2723387_alt_20.171m.png,93907,1228800,7.64,92.36
DJI_DateTime_2024_06_04_09_20_0118_lat_10.3011802_lon_105.2723710_alt_20.195m.png,57360,1228800,4.67,95.33
DJI_DateTime_2024_06_04_09_20_0119_lat_10.3011328_lon_105.2724032_alt_20.255m.png,24821,1228800,2.02,97.98
DJI_DateTime_2024_06_04_09_20_0120_lat_10.3010847_lon_105.2724341_alt_20.181m.png,68017,1228800,5.54,94.46
DJI_DateTime_2024_06_04_09_20_0121_lat_10.3010368_lon_105.2724642_alt_20.195m.png,68920,1228800,5.61,94.39
DJI_DateTime_2024_06_04_09_21_0124_lat_10.3011147_lon_105.2725183_alt_20.104m.png,122345,1228800,9.96,90.04
DJI_DateTime_2024_06_04_09_21_0125_lat_10.3011630_lon_105.2724863_alt_20.206m.png,134083,1228800,10.91,89.09
DJI_DateTime_2024_06_04_09_21_0126_lat_10.3012115_lon_105.2724544_alt_20.201m.png,119104,1228800,9.69,90.31
DJI_DateTime_2024_06_04_09_21_0128_lat_10.3013080_lon_105.2723910_alt_20.174m.png,85046,1228800,6.92,93.08
DJI_DateTime_2024_06_04_09_21_0129_lat_10.3013543_lon_105.2723608_alt_20.182m.png,124523,1228800,10.13,89.87
DJI_DateTime_2024_06_04_09_21_0130_lat_10.3014020_lon_105.2723300_alt_20.194m.png,199740,1228800,16.25,83.75
DJI_DateTime_2024_06_04_09_21_0131_lat_10.3014497_lon_105.2722987_alt_20.214m.png,262653,1228800,21.37,78.63
DJI_DateTime_2024_06_04_09_21_0132_lat_10.3014971_lon_105.2722675_alt_20.168m.png,254700,1228800,20.73,79.27
DJI_DateTime_2024_06_04_09_21_0133_lat_10.3015453_lon_105.2722357_alt_20.198m.png,270154,1228800,21.99,78.01
DJI_DateTime_2024_06_04_09_21_0134_lat_10.3015931_lon_105.2722039_alt_20.204m.png,331038,1228800,26.94,73.06
DJI_DateTime_2024_06_04_09_21_0135_lat_10.3016416_lon_105.2721720_alt_20.207m.png,464363,1228800,37.79,62.21
DJI_DateTime_2024_06_04_09_21_0136_lat_10.3016887_lon_105.2721404_alt_20.130m.png,505095,1228800,41.1,58.9
DJI_DateTime_2024_06_04_09_21_0137_lat_10.3017362_lon_105.2721097_alt_20.134m.png,506557,1228800,41.22,58.78
DJI_DateTime_2024_06_04_09_21_0138_lat_10.3017845_lon_105.2720785_alt_20.271m.png,489448,1228800,39.83,60.17
DJI_DateTime_2024_06_04_09_22_0139_lat_10.3018322_lon_105.2720472_alt_20.167m.png,524678,1228800,42.7,57.3
DJI_DateTime_2024_06_04_09_22_0140_lat_10.3018809_lon_105.2720157_alt_20.195m.png,450833,1228800,36.69,63.31
DJI_DateTime_2024_06_04_09_22_0141_lat_10.3019288_lon_105.2719840_alt_20.173m.png,289617,1228800,23.57,76.43
DJI_DateTime_2024_06_04_09_22_0142_lat_10.3019774_lon_105.2719526_alt_20.209m.png,149834,1228800,12.19,87.81
DJI_DateTime_2024_06_04_09_22_0143_lat_10.3020244_lon_105.2719216_alt_20.239m.png,35292,1228800,2.87,97.13
DJI_DateTime_2024_06_04_09_23_0162_lat_10.3020826_lon_105.2719921_alt_20.180m.png,15155,1228800,1.23,98.77
DJI_DateTime_2024_06_04_09_23_0163_lat_10.3020355_lon_105.2720236_alt_20.197m.png,21652,1228800,1.76,98.24
DJI_DateTime_2024_06_04_09_23_0164_lat_10.3019874_lon_105.2720552_alt_20.206m.png,106903,1228800,8.7,91.3
DJI_DateTime_2024_06_04_09_23_0165_lat_10.3019395_lon_105.2720873_alt_20.217m.png,267609,1228800,21.78,78.22
DJI_DateTime_2024_06_04_09_23_0166_lat_10.3018916_lon_105.2721180_alt_20.216m.png,364656,1228800,29.68,70.32
DJI_DateTime_2024_06_04_09_23_0167_lat_10.3018444_lon_105.2721492_alt_20.200m.png,401692,1228800,32.69,67.31
DJI_DateTime_2024_06_04_09_23_0168_lat_10.3017967_lon_105.2721809_alt_20.213m.png,516997,1228800,42.07,57.93
DJI_DateTime_2024_06_04_09_23_0169_lat_10.3017493_lon_105.2722121_alt_20.167m.png,592319,1228800,48.2,51.8
DJI_DateTime_2024_06_04_09_23_0170_lat_10.3017010_lon_105.2722449_alt_20.225m.png,609897,1228800,49.63,50.37
DJI_DateTime_2024_06_04_09_23_0171_lat_10.3016535_lon_105.2722765_alt_20.192m.png,481292,1228800,39.17,60.83
DJI_DateTime_2024_06_04_09_23_0172_lat_10.3016064_lon_105.2723081_alt_20.252m.png,369934,1228800,30.11,69.89
DJI_DateTime_2024_06_04_09_24_0173_lat_10.3015593_lon_105.2723398_alt_20.219m.png,349040,1228800,28.4,71.6
DJI_DateTime_2024_06_04_09_24_0174_lat_10.3015115_lon_105.2723709_alt_20.136m.png,356099,1228800,28.98,71.02
DJI_DateTime_2024_06_04_09_24_0175_lat_10.3014636_lon_105.2724023_alt_20.169m.png,286642,1228800,23.33,76.67
DJI_DateTime_2024_06_04_09_24_0176_lat_10.3014159_lon_105.2724334_alt_20.217m.png,202901,1228800,16.51,83.49
DJI_DateTime_2024_06_04_09_24_0177_lat_10.3013684_lon_105.2724650_alt_20.185m.png,142241,1228800,11.58,88.42
DJI_DateTime_2024_06_04_09_24_0178_lat_10.3013215_lon_105.2724959_alt_20.194m.png,150691,1228800,12.26,87.74
DJI_DateTime_2024_06_04_09_24_0179_lat_10.3012734_lon_105.2725273_alt_20.228m.png,141764,1228800,11.54,88.46
DJI_DateTime_2024_06_04_09_24_0180_lat_10.3012258_lon_105.2725595_alt_20.219m.png,147073,1228800,11.97,88.03
DJI_DateTime_2024_06_04_09_24_0184_lat_10.3012866_lon_105.2726258_alt_20.047m.png,112992,1228800,9.2,90.8
DJI_DateTime_2024_06_04_09_24_0185_lat_10.3013346_lon_105.2725940_alt_20.140m.png,179427,1228800,14.6,85.4
DJI_DateTime_2024_06_04_09_24_0186_lat_10.3013824_lon_105.2725620_alt_20.183m.png,243209,1228800,19.79,80.21
DJI_DateTime_2024_06_04_09_24_0187_lat_10.3014308_lon_105.2725307_alt_20.320m.png,229553,1228800,18.68,81.32
DJI_DateTime_2024_06_04_09_24_0188_lat_10.3014779_lon_105.2724987_alt_20.177m.png,170811,1228800,13.9,86.1
DJI_DateTime_2024_06_04_09_24_0189_lat_10.3015258_lon_105.2724678_alt_20.250m.png,248726,1228800,20.24,79.76
DJI_DateTime_2024_06_04_09_24_0190_lat_10.3015732_lon_105.2724356_alt_20.144m.png,228046,1228800,18.56,81.44
DJI_DateTime_2024_06_04_09_25_0191_lat_10.3016221_lon_105.2724034_alt_20.236m.png,316532,1228800,25.76,74.24
DJI_DateTime_2024_06_04_09_25_0192_lat_10.3016683_lon_105.2723725_alt_20.226m.png,279792,1228800,22.77,77.23
DJI_DateTime_2024_06_04_09_25_0193_lat_10.3017165_lon_105.2723406_alt_20.212m.png,377838,1228800,30.75,69.25
DJI_DateTime_2024_06_04_09_25_0194_lat_10.3017640_lon_105.2723092_alt_20.187m.png,328588,1228800,26.74,73.26
DJI_DateTime_2024_06_04_09_25_0195_lat_10.3018121_lon_105.2722776_alt_20.315m.png,335937,1228800,27.34,72.66
DJI_DateTime_2024_06_04_09_25_0196_lat_10.3018593_lon_105.2722463_alt_20.195m.png,256741,1228800,20.89,79.11
DJI_DateTime_2024_06_04_09_25_0197_lat_10.3019069_lon_105.2722148_alt_20.287m.png,126040,1228800,10.26,89.74
DJI_DateTime_2024_06_04_09_25_0198_lat_10.3019546_lon_105.2721829_alt_20.210m.png,29488,1228800,2.4,97.6
DJI_DateTime_2024_06_04_09_25_0199_lat_10.3020021_lon_105.2721516_alt_20.218m.png,5434,1228800,0.44,99.56
DJI_DateTime_2024_06_04_09_26_0209_lat_10.3024781_lon_105.2718372_alt_20.132m.png,13352,1228800,1.09,98.91
DJI_DateTime_2024_06_04_09_26_0210_lat_10.3025261_lon_105.2718057_alt_20.389m.png,53977,1228800,4.39,95.61
DJI_DateTime_2024_06_04_09_26_0211_lat_10.3025769_lon_105.2717793_alt_20.287m.png,119213,1228800,9.7,90.3
DJI_DateTime_2024_06_04_09_26_0212_lat_10.3026284_lon_105.2718096_alt_20.211m.png,126974,1228800,10.33,89.67
DJI_DateTime_2024_06_04_09_26_0213_lat_10.3026111_lon_105.2718559_alt_20.265m.png,171433,1228800,13.95,86.05
DJI_DateTime_2024_06_04_09_26_0214_lat_10.3025642_lon_105.2718864_alt_20.257m.png,117328,1228800,9.55,90.45
DJI_DateTime_2024_06_04_09_26_0215_lat_10.3025151_lon_105.2719187_alt_20.220m.png,57509,1228800,4.68,95.32
DJI_DateTime_2024_06_04_09_27_0228_lat_10.3018942_lon_105.2723262_alt_20.196m.png,32426,1228800,2.64,97.36
DJI_DateTime_2024_06_04_09_27_0229_lat_10.3018467_lon_105.2723577_alt_20.169m.png,48818,1228800,3.97,96.03
DJI_DateTime_2024_06_04_09_27_0230_lat_10.3017990_lon_105.2723890_alt_20.221m.png,117684,1228800,9.58,90.42
DJI_DateTime_2024_06_04_09_27_0231_lat_10.3017514_lon_105.2724202_alt_20.218m.png,195853,1228800,15.94,84.06
DJI_DateTime_2024_06_04_09_27_0232_lat_10.3017035_lon_105.2724514_alt_20.204m.png,213573,1228800,17.38,82.62
DJI_DateTime_2024_06_04_09_27_0233_lat_10.3016549_lon_105.2724834_alt_20.183m.png,193386,1228800,15.74,84.26
DJI_DateTime_2024_06_04_09_27_0234_lat_10.3016079_lon_105.2725150_alt_20.198m.png,250094,1228800,20.35,79.65
DJI_DateTime_2024_06_04_09_27_0235_lat_10.3015606_lon_105.2725460_alt_20.188m.png,274363,1228800,22.33,77.67
DJI_DateTime_2024_06_04_09_27_0236_lat_10.3015125_lon_105.2725782_alt_20.177m.png,224179,1228800,18.24,81.76
DJI_DateTime_2024_06_04_09_27_0237_lat_10.3014656_lon_105.2726094_alt_20.182m.png,303946,1228800,24.74,75.26
DJI_DateTime_2024_06_04_09_27_0238_lat_10.3014178_lon_105.2726413_alt_20.222m.png,344522,1228800,28.04,71.96
DJI_DateTime_2024_06_04_09_27_0239_lat_10.3013699_lon_105.2726722_alt_20.197m.png,232623,1228800,18.93,81.07
DJI_DateTime_2024_06_04_09_28_0244_lat_10.3014972_lon_105.2726932_alt_20.149m.png,270495,1228800,22.01,77.99
DJI_DateTime_2024_06_04_09_28_0245_lat_10.3015445_lon_105.2726616_alt_20.192m.png,196096,1228800,15.96,84.04
DJI_DateTime_2024_06_04_09_28_0246_lat_10.3015928_lon_105.2726302_alt_20.241m.png,121471,1228800,9.89,90.11
DJI_DateTime_2024_06_04_09_28_0247_lat_10.3016401_lon_105.2725989_alt_20.190m.png,101957,1228800,8.3,91.7
DJI_DateTime_2024_06_04_09_28_0248_lat_10.3016893_lon_105.2725664_alt_20.168m.png,102254,1228800,8.32,91.68
DJI_DateTime_2024_06_04_09_28_0249_lat_10.3017351_lon_105.2725361_alt_20.209m.png,62837,1228800,5.11,94.89
DJI_DateTime_2024_06_04_09_28_0250_lat_10.3017831_lon_105.2725047_alt_20.260m.png,30470,1228800,2.48,97.52
DJI_DateTime_2024_06_04_09_28_0251_lat_10.3018302_lon_105.2724727_alt_20.159m.png,8406,1228800,0.68,99.32
DJI_DateTime_2024_06_04_09_28_0257_lat_10.3021169_lon_105.2722819_alt_20.194m.png,22379,1228800,1.82,98.18
DJI_DateTime_2024_06_04_09_28_0258_lat_10.3021631_lon_105.2722511_alt_20.228m.png,14996,1228800,1.22,98.78
DJI_DateTime_2024_06_04_09_29_0259_lat_10.3022109_lon_105.2722200_alt_20.255m.png,35803,1228800,2.91,97.09
DJI_DateTime_2024_06_04_09_29_0264_lat_10.3024495_lon_105.2720651_alt_20.153m.png,16775,1228800,1.37,98.63
DJI_DateTime_2024_06_04_09_29_0265_lat_10.3024972_lon_105.2720341_alt_20.255m.png,15329,1228800,1.25,98.75
DJI_DateTime_2024_06_04_09_29_0266_lat_10.3025451_lon_105.2720019_alt_20.135m.png,52509,1228800,4.27,95.73
DJI_DateTime_2024_06_04_09_29_0267_lat_10.3025928_lon_105.2719709_alt_20.197m.png,92971,1228800,7.57,92.43
DJI_DateTime_2024_06_04_09_29_0268_lat_10.3026409_lon_105.2719393_alt_20.269m.png,176364,1228800,14.35,85.65
DJI_DateTime_2024_06_04_09_29_0269_lat_10.3026902_lon_105.2719149_alt_20.208m.png,145195,1228800,11.82,88.18
DJI_DateTime_2024_06_04_09_29_0270_lat_10.3026944_lon_105.2719671_alt_20.256m.png,158653,1228800,12.91,87.09
DJI_DateTime_2024_06_04_09_29_0271_lat_10.3026701_lon_105.2720178_alt_20.296m.png,186239,1228800,15.16,84.84
DJI_DateTime_2024_06_04_09_29_0272_lat_10.3026261_lon_105.2720549_alt_20.257m.png,154766,1228800,12.59,87.41
DJI_DateTime_2024_06_04_09_29_0273_lat_10.3025787_lon_105.2720860_alt_20.243m.png,105520,1228800,8.59,91.41
DJI_DateTime_2024_06_04_09_29_0274_lat_10.3025312_lon_105.2721172_alt_20.210m.png,82863,1228800,6.74,93.26
DJI_DateTime_2024_06_04_09_29_0275_lat_10.3024834_lon_105.2721485_alt_20.190m.png,23957,1228800,1.95,98.05
DJI_DateTime_2024_06_04_09_30_0279_lat_10.3022919_lon_105.2722751_alt_20.180m.png,49533,1228800,4.03,95.97
DJI_DateTime_2024_06_04_09_30_0280_lat_10.3022441_lon_105.2723070_alt_20.230m.png,63819,1228800,5.19,94.81
DJI_DateTime_2024_06_04_09_30_0281_lat_10.3021962_lon_105.2723383_alt_20.217m.png,28255,1228800,2.3,97.7
DJI_DateTime_2024_06_04_09_30_0282_lat_10.3021486_lon_105.2723695_alt_20.189m.png,51730,1228800,4.21,95.79
DJI_DateTime_2024_06_04_09_30_0283_lat_10.3021011_lon_105.2724008_alt_20.217m.png,45400,1228800,3.69,96.31
DJI_DateTime_2024_06_04_09_31_0293_lat_10.3016248_lon_105.2727146_alt_20.203m.png,64298,1228800,5.23,94.77
DJI_DateTime_2024_06_04_09_31_0294_lat_10.3015776_lon_105.2727464_alt_20.214m.png,107508,1228800,8.75,91.25
DJI_DateTime_2024_06_04_09_31_0300_lat_10.3016456_lon_105.2728074_alt_20.232m.png,5943,1228800,0.48,99.52
DJI_DateTime_2024_06_04_09_32_0310_lat_10.3021220_lon_105.2724914_alt_20.149m.png,27553,1228800,2.24,97.76
DJI_DateTime_2024_06_04_09_32_0311_lat_10.3021700_lon_105.2724599_alt_20.221m.png,19883,1228800,1.62,98.38
DJI_DateTime_2024_06_04_09_32_0312_lat_10.3022181_lon_105.2724278_alt_20.205m.png,68142,1228800,5.55,94.45
DJI_DateTime_2024_06_04_09_32_0313_lat_10.3022652_lon_105.2723968_alt_20.232m.png,44055,1228800,3.59,96.41
DJI_DateTime_2024_06_04_09_32_0314_lat_10.3023123_lon_105.2723649_alt_20.248m.png,66035,1228800,5.37,94.63
DJI_DateTime_2024_06_04_09_32_0317_lat_10.3024551_lon_105.2722706_alt_20.048m.png,15101,1228800,1.23,98.77
DJI_DateTime_2024_06_04_09_32_0318_lat_10.3024965_lon_105.2722791_alt_20.322m.png,49452,1228800,4.02,95.98
DJI_DateTime_2024_06_04_09_32_0319_lat_10.3024618_lon_105.2723258_alt_20.255m.png,28512,1228800,2.32,97.68
DJI_DateTime_2024_06_04_09_32_0326_lat_10.3021523_lon_105.2725750_alt_20.203m.png,58427,1228800,4.75,95.25
DJI_DateTime_2024_06_04_09_32_0327_lat_10.3021045_lon_105.2726066_alt_20.214m.png,50122,1228800,4.08,95.92
DJI_DateTime_2024_06_04_09_33_0328_lat_10.3020564_lon_105.2726386_alt_20.201m.png,38886,1228800,3.16,96.84
DJI_DateTime_2024_06_04_11_04_0010_lat_10.3007998_lon_105.2714125_alt_20.212m.png,109518,1228800,8.91,91.09
DJI_DateTime_2024_06_04_11_04_0011_lat_10.3007796_lon_105.2714577_alt_20.234m.png,109834,1228800,8.94,91.06
DJI_DateTime_2024_06_04_11_04_0012_lat_10.3007593_lon_105.2715027_alt_20.262m.png,139513,1228800,11.35,88.65
DJI_DateTime_2024_06_04_11_04_0013_lat_10.3007395_lon_105.2715476_alt_20.223m.png,183991,1228800,14.97,85.03
DJI_DateTime_2024_06_04_11_04_0014_lat_10.3007193_lon_105.2715932_alt_20.214m.png,294464,1228800,23.96,76.04
DJI_DateTime_2024_06_04_11_04_0015_lat_10.3006991_lon_105.2716387_alt_20.189m.png,407622,1228800,33.17,66.83
DJI_DateTime_2024_06_04_11_04_0016_lat_10.3006791_lon_105.2716841_alt_20.211m.png,344895,1228800,28.07,71.93
DJI_DateTime_2024_06_04_11_04_0017_lat_10.3006592_lon_105.2717285_alt_20.182m.png,274324,1228800,22.32,77.68
DJI_DateTime_2024_06_04_11_05_0018_lat_10.3006394_lon_105.2717733_alt_20.185m.png,183876,1228800,14.96,85.04
DJI_DateTime_2024_06_04_11_05_0019_lat_10.3006201_lon_105.2718183_alt_20.210m.png,120234,1228800,9.78,90.22
DJI_DateTime_2024_06_04_11_05_0020_lat_10.3006000_lon_105.2718634_alt_20.247m.png,92922,1228800,7.56,92.44
DJI_DateTime_2024_06_04_11_05_0021_lat_10.3005793_lon_105.2719091_alt_20.213m.png,49441,1228800,4.02,95.98
DJI_DateTime_2024_06_04_11_05_0022_lat_10.3005594_lon_105.2719537_alt_20.208m.png,38325,1228800,3.12,96.88
DJI_DateTime_2024_06_04_11_05_0023_lat_10.3005394_lon_105.2719989_alt_20.198m.png,11838,1228800,0.96,99.04
DJI_DateTime_2024_06_04_11_05_0027_lat_10.3004513_lon_105.2720383_alt_20.164m.png,42422,1228800,3.45,96.55
DJI_DateTime_2024_06_04_11_05_0028_lat_10.3004702_lon_105.2719928_alt_20.195m.png,77306,1228800,6.29,93.71
DJI_DateTime_2024_06_04_11_05_0029_lat_10.3004899_lon_105.2719473_alt_20.172m.png,137307,1228800,11.17,88.83
DJI_DateTime_2024_06_04_11_05_0030_lat_10.3005093_lon_105.2719015_alt_20.201m.png,194464,1228800,15.83,84.17
DJI_DateTime_2024_06_04_11_05_0031_lat_10.3005292_lon_105.2718553_alt_20.205m.png,207723,1228800,16.9,83.1
DJI_DateTime_2024_06_04_11_05_0032_lat_10.3005490_lon_105.2718103_alt_20.152m.png,300420,1228800,24.45,75.55
DJI_DateTime_2024_06_04_11_05_0033_lat_10.3005688_lon_105.2717652_alt_20.203m.png,366527,1228800,29.83,70.17
DJI_DateTime_2024_06_04_11_05_0034_lat_10.3005883_lon_105.2717202_alt_20.221m.png,420384,1228800,34.21,65.79
DJI_DateTime_2024_06_04_11_05_0035_lat_10.3006080_lon_105.2716746_alt_20.186m.png,533374,1228800,43.41,56.59
DJI_DateTime_2024_06_04_11_05_0036_lat_10.3006278_lon_105.2716288_alt_20.177m.png,635063,1228800,51.68,48.32
DJI_DateTime_2024_06_04_11_06_0037_lat_10.3006470_lon_105.2715836_alt_20.186m.png,602866,1228800,49.06,50.94
DJI_DateTime_2024_06_04_11_06_0038_lat_10.3006672_lon_105.2715379_alt_20.241m.png,437698,1228800,35.62,64.38
DJI_DateTime_2024_06_04_11_06_0039_lat_10.3006871_lon_105.2714925_alt_20.206m.png,357646,1228800,29.11,70.89
DJI_DateTime_2024_06_04_11_06_0040_lat_10.3007072_lon_105.2714476_alt_20.274m.png,255807,1228800,20.82,79.18
DJI_DateTime_2024_06_04_11_06_0041_lat_10.3007267_lon_105.2714017_alt_20.188m.png,165640,1228800,13.48,86.52
DJI_DateTime_2024_06_04_11_06_0042_lat_10.3007462_lon_105.2713576_alt_20.174m.png,69768,1228800,5.68,94.32
DJI_DateTime_2024_06_04_11_07_0060_lat_10.3006877_lon_105.2713276_alt_20.193m.png,38256,1228800,3.11,96.89
DJI_DateTime_2024_06_04_11_07_0061_lat_10.3006686_lon_105.2713718_alt_20.244m.png,168464,1228800,13.71,86.29
DJI_DateTime_2024_06_04_11_07_0062_lat_10.3006495_lon_105.2714165_alt_20.349m.png,361202,1228800,29.39,70.61
DJI_DateTime_2024_06_04_11_07_0063_lat_10.3006295_lon_105.2714615_alt_20.306m.png,455106,1228800,37.04,62.96
DJI_DateTime_2024_06_04_11_07_0064_lat_10.3006092_lon_105.2715067_alt_20.209m.png,651403,1228800,53.01,46.99
DJI_DateTime_2024_06_04_11_07_0065_lat_10.3005895_lon_105.2715524_alt_20.205m.png,677307,1228800,55.12,44.88
DJI_DateTime_2024_06_04_11_07_0066_lat_10.3005700_lon_105.2715969_alt_20.223m.png,699059,1228800,56.89,43.11
DJI_DateTime_2024_06_04_11_07_0067_lat_10.3005498_lon_105.2716425_alt_20.234m.png,626287,1228800,50.97,49.03
DJI_DateTime_2024_06_04_11_07_0068_lat_10.3005301_lon_105.2716881_alt_20.218m.png,608168,1228800,49.49,50.51
DJI_DateTime_2024_06_04_11_07_0069_lat_10.3005105_lon_105.2717330_alt_20.180m.png,465106,1228800,37.85,62.15
DJI_DateTime_2024_06_04_11_07_0070_lat_10.3004911_lon_105.2717775_alt_20.199m.png,557466,1228800,45.37,54.63
DJI_DateTime_2024_06_04_11_07_0071_lat_10.3004709_lon_105.2718235_alt_20.190m.png,498943,1228800,40.6,59.4
DJI_DateTime_2024_06_04_11_07_0072_lat_10.3004509_lon_105.2718686_alt_20.232m.png,402801,1228800,32.78,67.22
DJI_DateTime_2024_06_04_11_07_0073_lat_10.3004313_lon_105.2719142_alt_20.230m.png,301748,1228800,24.56,75.44
DJI_DateTime_2024_06_04_11_07_0074_lat_10.3004121_lon_105.2719597_alt_20.253m.png,160151,1228800,13.03,86.97
DJI_DateTime_2024_06_04_11_08_0075_lat_10.3003920_lon_105.2720048_alt_20.253m.png,94968,1228800,7.73,92.27
DJI_DateTime_2024_06_04_11_08_0076_lat_10.3003600_lon_105.2720315_alt_20.120m.png,124243,1228800,10.11,89.89
DJI_DateTime_2024_06_04_11_08_0077_lat_10.3003264_lon_105.2720048_alt_20.066m.png,184323,1228800,15.0,85.0
DJI_DateTime_2024_06_04_11_08_0078_lat_10.3003411_lon_105.2719602_alt_20.150m.png,201974,1228800,16.44,83.56
DJI_DateTime_2024_06_04_11_08_0079_lat_10.3003599_lon_105.2719149_alt_20.186m.png,232067,1228800,18.89,81.11
DJI_DateTime_2024_06_04_11_08_0080_lat_10.3003798_lon_105.2718697_alt_20.123m.png,392194,1228800,31.92,68.08
DJI_DateTime_2024_06_04_11_08_0081_lat_10.3003999_lon_105.2718246_alt_20.181m.png,479102,1228800,38.99,61.01
DJI_DateTime_2024_06_04_11_08_0082_lat_10.3004191_lon_105.2717789_alt_20.174m.png,568028,1228800,46.23,53.77
DJI_DateTime_2024_06_04_11_08_0083_lat_10.3004388_lon_105.2717336_alt_20.190m.png,628310,1228800,51.13,48.87
DJI_DateTime_2024_06_04_11_08_0084_lat_10.3004583_lon_105.2716883_alt_20.218m.png,551108,1228800,44.85,55.15
DJI_DateTime_2024_06_04_11_08_0085_lat_10.3004784_lon_105.2716427_alt_20.194m.png,550039,1228800,44.76,55.24
DJI_DateTime_2024_06_04_11_08_0086_lat_10.3004984_lon_105.2715972_alt_20.192m.png,499797,1228800,40.67,59.33
DJI_DateTime_2024_06_04_11_08_0087_lat_10.3005181_lon_105.2715517_alt_20.255m.png,587587,1228800,47.82,52.18
DJI_DateTime_2024_06_04_11_08_0088_lat_10.3005383_lon_105.2715066_alt_20.182m.png,666263,1228800,54.22,45.78
DJI_DateTime_2024_06_04_11_08_0089_lat_10.3005576_lon_105.2714620_alt_20.133m.png,666252,1228800,54.22,45.78
DJI_DateTime_2024_06_04_11_08_0090_lat_10.3005779_lon_105.2714156_alt_20.184m.png,548107,1228800,44.61,55.39
DJI_DateTime_2024_06_04_11_08_0091_lat_10.3005974_lon_105.2713709_alt_20.150m.png,355806,1228800,28.96,71.04
DJI_DateTime_2024_06_04_11_08_0092_lat_10.3006174_lon_105.2713269_alt_20.198m.png,123786,1228800,10.07,89.93
DJI_DateTime_2024_06_04_11_09_0093_lat_10.3006372_lon_105.2712811_alt_20.224m.png,9308,1228800,0.76,99.24
DJI_DateTime_2024_06_04_11_09_0111_lat_10.3005641_lon_105.2712811_alt_20.159m.png,23753,1228800,1.93,98.07
DJI_DateTime_2024_06_04_11_10_0112_lat_10.3005441_lon_105.2713268_alt_20.226m.png,189966,1228800,15.46,84.54
DJI_DateTime_2024_06_04_11_10_0113_lat_10.3005235_lon_105.2713722_alt_20.217m.png,395135,1228800,32.16,67.84
DJI_DateTime_2024_06_04_11_10_0114_lat_10.3005041_lon_105.2714172_alt_20.200m.png,433950,1228800,35.31,64.69
DJI_DateTime_2024_06_04_11_10_0115_lat_10.3004839_lon_105.2714630_alt_20.320m.png,514255,1228800,41.85,58.15
DJI_DateTime_2024_06_04_11_10_0116_lat_10.3004642_lon_105.2715076_alt_20.236m.png,409483,1228800,33.32,66.68
DJI_DateTime_2024_06_04_11_10_0117_lat_10.3004436_lon_105.2715544_alt_20.238m.png,476420,1228800,38.77,61.23
DJI_DateTime_2024_06_04_11_10_0118_lat_10.3004243_lon_105.2715983_alt_20.173m.png,410838,1228800,33.43,66.57
DJI_DateTime_2024_06_04_11_10_0119_lat_10.3004038_lon_105.2716442_alt_20.186m.png,407086,1228800,33.13,66.87
DJI_DateTime_2024_06_04_11_10_0120_lat_10.3003840_lon_105.2716886_alt_20.201m.png,419040,1228800,34.1,65.9
DJI_DateTime_2024_06_04_11_10_0121_lat_10.3003641_lon_105.2717343_alt_20.211m.png,443531,1228800,36.09,63.91
DJI_DateTime_2024_06_04_11_10_0122_lat_10.3003442_lon_105.2717796_alt_20.224m.png,353248,1228800,28.75,71.25
DJI_DateTime_2024_06_04_11_10_0123_lat_10.3003244_lon_105.2718251_alt_20.207m.png,220490,1228800,17.94,82.06
DJI_DateTime_2024_06_04_11_10_0124_lat_10.3003052_lon_105.2718704_alt_20.334m.png,125270,1228800,10.19,89.81
DJI_DateTime_2024_06_04_11_10_0125_lat_10.3002852_lon_105.2719144_alt_20.273m.png,89001,1228800,7.24,92.76
DJI_DateTime_2024_06_04_11_10_0126_lat_10.3002650_lon_105.2719594_alt_20.176m.png,93547,1228800,7.61,92.39
DJI_DateTime_2024_06_04_11_10_0129_lat_10.3002224_lon_105.2718953_alt_20.166m.png,76964,1228800,6.26,93.74
DJI_DateTime_2024_06_04_11_10_0130_lat_10.3002426_lon_105.2718497_alt_20.213m.png,67159,1228800,5.47,94.53
DJI_DateTime_2024_06_04_11_11_0131_lat_10.3002624_lon_105.2718033_alt_20.232m.png,92735,1228800,7.55,92.45
DJI_DateTime_2024_06_04_11_11_0132_lat_10.3002823_lon_105.2717576_alt_20.255m.png,177489,1228800,14.44,85.56
DJI_DateTime_2024_06_04_11_11_0133_lat_10.3003019_lon_105.2717128_alt_20.136m.png,265628,1228800,21.62,78.38
DJI_DateTime_2024_06_04_11_11_0134_lat_10.3003219_lon_105.2716677_alt_20.182m.png,308589,1228800,25.11,74.89
DJI_DateTime_2024_06_04_11_11_0135_lat_10.3003416_lon_105.2716226_alt_20.146m.png,327104,1228800,26.62,73.38
DJI_DateTime_2024_06_04_11_11_0136_lat_10.3003615_lon_105.2715774_alt_20.167m.png,410239,1228800,33.39,66.61
DJI_DateTime_2024_06_04_11_11_0137_lat_10.3003819_lon_105.2715323_alt_20.154m.png,405951,1228800,33.04,66.96
DJI_DateTime_2024_06_04_11_11_0138_lat_10.3004013_lon_105.2714867_alt_20.183m.png,403824,1228800,32.86,67.14
DJI_DateTime_2024_06_04_11_11_0139_lat_10.3004209_lon_105.2714416_alt_20.183m.png,395030,1228800,32.15,67.85
DJI_DateTime_2024_06_04_11_11_0140_lat_10.3004410_lon_105.2713961_alt_20.195m.png,549635,1228800,44.73,55.27
DJI_DateTime_2024_06_04_11_11_0141_lat_10.3004610_lon_105.2713509_alt_20.192m.png,432975,1228800,35.24,64.76
DJI_DateTime_2024_06_04_11_11_0142_lat_10.3004808_lon_105.2713056_alt_20.200m.png,220147,1228800,17.92,82.08
DJI_DateTime_2024_06_04_11_11_0143_lat_10.3005004_lon_105.2712606_alt_20.197m.png,65690,1228800,5.35,94.65
DJI_DateTime_2024_06_04_11_12_0151_lat_10.3006596_lon_105.2708980_alt_20.171m.png,3353,1228800,0.27,99.73
DJI_DateTime_2024_06_04_11_12_0152_lat_10.3006732_lon_105.2708531_alt_20.180m.png,5048,1228800,0.41,99.59
DJI_DateTime_2024_06_04_11_12_0162_lat_10.3004465_lon_105.2712200_alt_20.286m.png,4025,1228800,0.33,99.67
DJI_DateTime_2024_06_04_11_12_0163_lat_10.3004266_lon_105.2712654_alt_20.231m.png,82315,1228800,6.7,93.3
DJI_DateTime_2024_06_04_11_12_0164_lat_10.3004063_lon_105.2713111_alt_20.199m.png,199912,1228800,16.27,83.73
DJI_DateTime_2024_06_04_11_12_0165_lat_10.3003867_lon_105.2713556_alt_20.207m.png,291050,1228800,23.69,76.31
DJI_DateTime_2024_06_04_11_12_0166_lat_10.3003669_lon_105.2714021_alt_20.204m.png,333134,1228800,27.11,72.89
DJI_DateTime_2024_06_04_11_12_0167_lat_10.3003475_lon_105.2714474_alt_20.206m.png,230529,1228800,18.76,81.24
DJI_DateTime_2024_06_04_11_12_0168_lat_10.3003279_lon_105.2714922_alt_20.195m.png,261141,1228800,21.25,78.75
DJI_DateTime_2024_06_04_11_13_0169_lat_10.3003076_lon_105.2715379_alt_20.186m.png,307128,1228800,24.99,75.01
DJI_DateTime_2024_06_04_11_13_0170_lat_10.3002877_lon_105.2715837_alt_20.167m.png,314514,1228800,25.6,74.4
DJI_DateTime_2024_06_04_11_13_0171_lat_10.3002676_lon_105.2716301_alt_20.271m.png,236086,1228800,19.21,80.79
DJI_DateTime_2024_06_04_11_13_0172_lat_10.3002478_lon_105.2716748_alt_20.241m.png,258674,1228800,21.05,78.95
DJI_DateTime_2024_06_04_11_13_0173_lat_10.3002275_lon_105.2717209_alt_20.232m.png,188531,1228800,15.34,84.66
DJI_DateTime_2024_06_04_11_13_0174_lat_10.3002075_lon_105.2717665_alt_20.252m.png,171692,1228800,13.97,86.03
DJI_DateTime_2024_06_04_11_13_0175_lat_10.3001877_lon_105.2718126_alt_20.201m.png,138123,1228800,11.24,88.76
DJI_DateTime_2024_06_04_11_13_0176_lat_10.3001680_lon_105.2718577_alt_20.205m.png,146915,1228800,11.96,88.04
DJI_DateTime_2024_06_04_11_13_0177_lat_10.3001481_lon_105.2719034_alt_20.207m.png,123386,1228800,10.04,89.96
DJI_DateTime_2024_06_04_11_13_0180_lat_10.3001032_lon_105.2718452_alt_20.105m.png,56579,1228800,4.6,95.4
DJI_DateTime_2024_06_04_11_13_0181_lat_10.3001226_lon_105.2717996_alt_20.162m.png,75756,1228800,6.17,93.83
DJI_DateTime_2024_06_04_11_13_0182_lat_10.3001427_lon_105.2717547_alt_20.221m.png,87706,1228800,7.14,92.86
DJI_DateTime_2024_06_04_11_13_0183_lat_10.3001629_lon_105.2717094_alt_20.143m.png,50644,1228800,4.12,95.88
DJI_DateTime_2024_06_04_11_13_0184_lat_10.3001823_lon_105.2716651_alt_20.178m.png,44241,1228800,3.6,96.4
DJI_DateTime_2024_06_04_11_13_0185_lat_10.3002030_lon_105.2716197_alt_20.178m.png,55333,1228800,4.5,95.5
DJI_DateTime_2024_06_04_11_13_0186_lat_10.3002229_lon_105.2715749_alt_20.200m.png,86581,1228800,7.05,92.95
DJI_DateTime_2024_06_04_11_14_0187_lat_10.3002434_lon_105.2715297_alt_20.192m.png,103700,1228800,8.44,91.56
DJI_DateTime_2024_06_04_11_14_0188_lat_10.3002636_lon_105.2714844_alt_20.210m.png,101813,1228800,8.29,91.71
DJI_DateTime_2024_06_04_11_14_0189_lat_10.3002840_lon_105.2714384_alt_20.212m.png,93936,1228800,7.64,92.36
